0,1536043576,hexiagui
4,1536047736,hexiagui
7,1536049078,hexiagui
1,1536052402,hexiagui
0,1536114140,lili
1,1536114293,lili
0,1536114655,lili
3,1536115786,lili
7,1536115793,lili
3,1536115991,lili
7,1536115998,lili
3,1536116066,lili
7,1536116069,lili
3,1536116093,lili
7,1536116097,lili
3,1536116120,lili
7,1536116124,lili
3,1536116296,lili
7,1536116298,lili
3,1536117542,lili
7,1536117546,lili
4,1536118746,lili
1,1536118918,lili
0,1536052788,qq
3,1536052803,qq
7,1536053120,qq
3,1536054905,qq
7,1536055148,qq
4,1536057308,qq
7,1536111309,qq
1,1536112958,qq
0,1536129805,qq
3,1536129816,qq
7,1536129933,qq
0,1536117767,wang
1,1536117771,wang
1,1536034719,wangwanli
0,1536041571,wangwanli
4,1536041571,wangwanli
6,1536041571,wangwanli
7,1536041605,wangwanli
4,1536045963,wangwanli
7,1536047113,wangwanli
1,1536055329,wangwanli
0,1536129308,wangwanli
